Workbook

Sheet Harvest Log
A1: GH 2 & 3 Harvest Log — Revenue Analysis (Lingr Network)
A2: Before Lingr Network: avg price ₦600/kg | After Lingr Network: Restaurant ₦1,000/kg · Reseller ₦1,100/kg
A3: Day | B3: Date | C3: GH2 (kg) | D3: GH3 (kg) | E3: Total (kg) | F3: Era | G3: Avg Price before Lingr network (₦/kg) | H3: Era | I3: Avg Price after Lingr network (₦/kg) | J3: Revenue Before (₦) | K3: Revenue After (₦) | L3: Uplift (₦)
A4: =TEXT(B4, "dddd") -> Thursday | B4: 28-May-26 | C4: 11.5 | D4: 0 | E4: =C4+D4 -> 11.5 | F4: Before Lingr | G4: 600 | H4: After Lingr | I4: 1000 | J4: =E4*G4 -> 6900 | K4: =E4*I4 -> 11500 | L4: =K4-J4 -> 4600
A5: =TEXT(B5, "dddd") -> Thursday | B5: 04-Jun-26 | C5: 20 | D5: 0 | E5: =C5+D5 -> 20 | F5: Before Lingr | G5: 600 | H5: After Lingr | I5: 1000 | J5: =E5*G5 -> 12000 | K5: =E5*I5 -> 20000 | L5: =K5-J5 -> 8000
A6: =TEXT(B6, "dddd") -> Monday | B6: 08-Jun-26 | C6: 60 | D6: 0 | E6: =C6+D6 -> 60 | F6: Before Lingr | G6: 600 | H6: After Lingr | I6: 1000 | J6: =E6*G6 -> 36000 | K6: =E6*I6 -> 60000 | L6: =K6-J6 -> 24000
A7: =TEXT(B7, "dddd") -> Thursday | B7: 11-Jun-26 | C7: 66 | D7: 0 | E7: =C7+D7 -> 66 | F7: Before Lingr | G7: 600 | H7: After Lingr | I7: 1000 | J7: =E7*G7 -> 39600 | K7: =E7*I7 -> 66000 | L7: =K7-J7 -> 26400
A8: =TEXT(B8, "dddd") -> Saturday | B8: 13-Jun-26 | C8: 45 | D8: 0 | E8: =C8+D8 -> 45 | F8: Before Lingr | G8: 600 | H8: After Lingr | I8: 1000 | J8: =E8*G8 -> 27000 | K8: =E8*I8 -> 45000 | L8: =K8-J8 -> 18000
A9: =TEXT(B9, "dddd") -> Monday | B9: 15-Jun-26 | C9: 95 | D9: 5 | E9: =C9+D9 -> 100 | F9: Before Lingr | G9: 600 | H9: After Lingr | I9: 1000 | J9: =E9*G9 -> 60000 | K9: =E9*I9 -> 100000 | L9: =K9-J9 -> 40000
A10: =TEXT(B10, "dddd") -> Thursday | B10: 18-Jun-26 | C10: 75 | D10: 10 | E10: =C10+D10 -> 85 | F10: Before Lingr | G10: 600 | H10: After Lingr | I10: 1000 | J10: =E10*G10 -> 51000 | K10: =E10*I10 -> 85000 | L10: =K10-J10 -> 34000
A11: =TEXT(B11, "dddd") -> Saturday | B11: 20-Jun-26 | C11: 25 | D11: 15 | E11: =C11+D11 -> 40 | F11: Before Lingr | G11: 600 | H11: After Lingr | I11: 1000 | J11: =E11*G11 -> 24000 | K11: =E11*I11 -> 40000 | L11: =K11-J11 -> 16000
A12: =TEXT(B12, "dddd") -> Monday | B12: 22-Jun-26 | C12: 90 | D12: 40 | E12: =C12+D12 -> 130 | F12: Before Lingr | G12: 600 | H12: After Lingr | I12: 1000 | J12: =E12*G12 -> 78000 | K12: =E12*I12 -> 130000 | L12: =K12-J12 -> 52000
A13: =TEXT(B13, "dddd") -> Wednesday | B13: 46197 | C13: 50 | E13: =C13+D13 -> 50 | F13: Before Lingr | G13: 600 | H13: After Lingr | I13: 1000 | J13: =E13*G13 -> 30000 | K13: =E13*I13 -> 50000 | L13: =K13-J13 -> 20000
A14: =TEXT(B14, "dddd") -> Thursday | B14: 46198 | C14: 30 | D14: 90 | E14: =C14+D14 -> 120 | F14: Before Lingr | G14: 600 | H14: After Lingr | I14: 1000 | J14: =E14*G14 -> 72000 | K14: =E14*I14 -> 120000 | L14: =K14-J14 -> 48000
A15: =TEXT(B15, "dddd") -> Saturday | B15: 46200 | C15: 51 | D15: 18 | E15: =C15+D15 -> 69 | F15: Before Lingr | G15: 600 | H15: After Lingr | I15: 1000 | J15: =E15*G15 -> 41400 | K15: =E15*I15 -> 69000 | L15: =K15-J15 -> 27600
A16: =TEXT(B16, "dddd") -> Monday | B16: 46202 | C16: 50 | D16: 30 | E16: =C16+D16 -> 80 | F16: Before Lingr | G16: 600 | H16: After Lingr | I16: 1000 | J16: =E16*G16 -> 48000 | K16: =E16*I16 -> 80000 | L16: =K16-J16 -> 32000
A17: =TEXT(B17, "dddd") -> Wednesday | B17: 46204 | C17: 29 | D17: 21 | E17: =C17+D17 -> 50 | F17: Before Lingr | G17: 600 | H17: After Lingr | I17: 1000 | J17: =E17*G17 -> 30000 | K17: =E17*I17 -> 50000 | L17: =K17-J17 -> 20000
A18: =TEXT(B18, "dddd") -> Thursday | B18: 46205 | C18: 0 | D18: 23 | E18: =C18+D18 -> 23 | F18: Before Lingr | G18: 600 | H18: After Lingr | I18: 1000 | J18: =E18*G18 -> 13800 | K18: =E18*I18 -> 23000 | L18: =K18-J18 -> 9200
A19: =TEXT(B19, "dddd") -> Saturday | B19: 46207 | C19: 8 | D19: 50 | E19: =C19+D19 -> 58 | F19: Before Lingr | G19: 600 | H19: After Lingr | I19: 1000 | J19: =E19*G19 -> 34800 | K19: =E19*I19 -> 58000 | L19: =K19-J19 -> 23200
C22: Total | D22: Total | E22: Total
C23: =SUM(C4:C19) -> 705.5 | D23: =SUM(D4:D19) -> 302 | E23: =SUM(E4:E19) -> 1007.5
J24: Total | K24: Total
A25: TOTALS (All Harvests) | J25: =SUM(J4:J19) -> 604500 | K25: =SUM(K4:K19) -> 1007500 | L25: =SUM(L4:L19) -> 403000

Sheet Revenue Comparison
A1: Revenue Impact — Before vs After Lingr Network
A2: Metric | B2: Before Lingr | C2: After Lingr
A3: Total kg Harvested | B3: =SUM('Harvest Log'!E4:E19) -> 1007.5 | C3: —
A5: Average Price / kg — Before (₦) | B5: 600 | C5: —
A6: Average Price / kg — After blended (₦) | B6: — | C6: 1000
A7: Total Revenue — Before (₦) | B7: =SUM('Harvest Log'!J4:J19) -> 604500 | C7: —
A8: Total Revenue — After (₦) | B8: — | C8: =SUM('Harvest Log'!K4:K19) -> 1007500
A9: Revenue Uplift (₦) | B9: — | C9: =C8-B7 -> 403000
A10: % Revenue Increase | B10: — | C10: =(C8-B7)/B7 -> 0.66666667

Sheet Charts
A1: Lingr Network — Visual Revenue Analysis
B3: Harvest Date | C3: Revenue Before (₦) | D3: Revenue After (₦) | E3: Uplift (₦) | F3: Total kg | H3: Era | I3: Total Revenue (₦) | K3: Customer | L3: Weekly Rev (₦) | M3: Annual Rev (₦)
B4: 46170 | C4: 6900 | D4: 11500 | E4: =D4-C4 -> 4600 | F4: 11.5 | H4: Before Lingr | I4: =SUM(C4:C19) -> 604500 | K4: Restaurant | L4: 100000 | M4: 5200000
B5: 46177 | C5: 12000 | D5: 20000 | E5: =D5-C5 -> 8000 | F5: 20 | H5: After Lingr (same kg) | I5: =SUM(D4:D19) -> 1007500 | K5: Reseller | L5: 110000 | M5: 5720000
B6: 46181 | C6: 36000 | D6: 60000 | E6: =D6-C6 -> 24000 | F6: 60
B7: 46184 | C7: 39600 | D7: 66000 | E7: =D7-C7 -> 26400 | F7: 66 | K7: Total | L7: =SUM(L4:L5) -> 210000 | M7: =SUM(M4:M5) -> 10920000
B8: 46186 | C8: 27000 | D8: 45000 | E8: =D8-C8 -> 18000 | F8: 45
B9: 46188 | C9: 60000 | D9: 100000 | E9: =D9-C9 -> 40000 | F9: 100
B10: 46191 | C10: 51000 | D10: 85000 | E10: =D10-C10 -> 34000 | F10: 85
B11: 46193 | C11: 24000 | D11: 40000 | E11: =D11-C11 -> 16000 | F11: 40
B12: 46195 | C12: 78000 | D12: 130000 | E12: =D12-C12 -> 52000 | F12: 130
B13: 46197 | C13: 30000 | D13: 50000 | E13: =D13-C13 -> 20000 | F13: 50
B14: 46198 | C14: 72000 | D14: 120000 | E14: =D14-C14 -> 48000 | F14: 120
B15: 46200 | C15: 41400 | D15: 69000 | E15: =D15-C15 -> 27600 | F15: 69
B16: 46202 | C16: 48000 | D16: 80000 | E16: =D16-C16 -> 32000 | F16: 60
B17: 46204 | C17: 30000 | D17: 50000 | E17: =D17-C17 -> 20000 | F17: 59
B18: 46205 | C18: 13800 | D18: 23000 | E18: =D18-C18 -> 9200 | F18: 23
B19: 46207 | C19: 34800 | D19: 58000 | E19: =D19-C19 -> 23200 | F19: 58

Sheet Weekly Revenue Potential
A1: Projected Weekly Revenue — Lingr Network Customers (Cucumber)
A2: Based on stable buyer commitments secured by Lingr Network
A3: Customer | B3: Type | C3: Price/kg (₦) | D3: Min Buys/Week | E3: Max Buys/Week | F3: Min Weekly Rev (₦) | G3: Max Weekly Rev (₦)
A4: Note: Kg purchased per visit depends on harvest volume. Table below shows per-kg pricing commitment and visit frequency.
A5: ▶ Enter assumed kg per visit below (blue cells) to auto-calculate revenue:
A6: Customer | B6: Type | C6: Price/kg (₦) | D6: Visits/Week | E6: Kg per Visit (assumption) | F6: Weekly Rev (₦) | G6: Annual Rev (₦)
A7: Restaurant | B7: Premium Buyer | C7: 1000 | D7: 2 | E7: 50 | F7: =C7*D7*E7 -> 100000 | G7: =F7*52 -> 5200000
A8: Reseller | B8: Premium Buyer | C8: 1100 | D8: 2 | E8: 50 | F8: =C8*D8*E8 -> 110000 | G8: =F8*52 -> 5720000
A9: TOTAL (combined customers) | F9: =SUM(F7:F8) -> 210000 | G9: =SUM(G7:G8) -> 10920000

Sheet Lingr Network Value
A1: Lingr Network — Value Delivered to Client
A2: KPI | B2: Before Lingr | C2: After Lingr | D2: Change | E2: Notes
A3: Avg Selling Price (₦/kg) | B3: 600 | C3: 1050 | D3: =C3-B3 -> 450 | E3: Blended restaurant + reseller
A4: Price Uplift per kg (₦) | C4: =C3-B3 -> 450
A5: Price Uplift % | C5: =C3/B3-1 -> 0.75
A6: Harvest Revenue (sampled, ₦) | B6: ='Revenue Comparison'!B7 -> 604500 | C6: ='Revenue Comparison'!C8 -> 1007500 | D6: ='Revenue Comparison'!C8-'Revenue Comparison'!B7 -> 403000 | E6: From harvest log data
A7: Buyer Stability | B7: Ad-hoc / irregular | C7: 2 stable premium buyers | D7: ✔ Secured | E7: Year-round commitment
A8: Product Perishability Risk | B8: HIGH | C8: LOW — buyers pre-committed | D8: ✔ Mitigated | E8: Cucumbers sold faster
A9: Next Product Pipeline | B9: None | C9: Bell Peppers (3 months) | D9: ✔ Planned | E9: Lingr to secure buyers
